<?xml version="1.0" encoding="UTF-8"?>
<beans xmlns="http://www.springframework.org/schema/beans"
	xmlns:xsi="http://www.w3.org/2001/XMLSchema-instance"
	xmlns:aop="http://www.springframework.org/schema/aop"
	xmlns:context="http://www.springframework.org/schema/context"
	xmlns:mvc="http://www.springframework.org/schema/mvc"
	xsi:schemaLocation="http://www.springframework.org/schema/mvc http://www.springframework.org/schema/mvc/spring-mvc-3.2.xsd
		http://www.springframework.org/schema/beans http://www.springframework.org/schema/beans/spring-beans.xsd
		http://www.springframework.org/schema/context http://www.springframework.org/schema/context/spring-context-3.2.xsd
		http://www.springframework.org/schema/aop http://www.springframework.org/schema/aop/spring-aop-3.2.xsd">

	<!--  context객체 자동생성 -->
	<context:component-scan base-package="wysiwyg.menu.controller"/>
	
	<!-- view resolver 생성 -->
	<bean class="org.springframework.web.servlet.view.InternalResourceViewResolver" id="">
		<property name="prefix" value="/WEB-INF/view/"/> <!-- view경로 -->
		<property name="suffix" value=".jsp"/>	<!-- 확장자 -->
		<property name="order" value="2"></property>
	</bean>
	
	<!-- Json등록 -->

	<bean class="net.sf.json.spring.web.servlet.view.JsonView" id="jsonView">
		<property name="contentType" value="text/html;charset=UTF-8"/>
	</bean>
	
	<!-- viewResolver를 찾을때 id의 이름을 찾을수 있도록 설정 -->
	<bean class="org.springframework.web.servlet.view.BeanNameViewResolver">
	<property name="order" value="1"/>
	</bean>
	
	<bean class="org.springframework.web.multipart.commons.CommonsMultipartResolver" id="multipartResolver"/>
		
</beans>
